{"cameraMode":{"drawMode":0,"name":"Shaded","section":"Shading Mode"},"sceneLighting":true,"audioPlay":false,"sceneViewState":{"showFog":true,"showMaterialUpdate":false,"showSkybox":true,"showFlares":true,"showImageEffects":true,"showParticleSystems":true},"in2DMode":false,"pivot":{"x":-0.47546911239624026,"y":1.180504322052002,"z":-2.257004737854004},"rotation":{"x":0.07044156640768051,"y":0.001496301032602787,"z":-0.00010564494004938751,"w":0.9975147843360901},"size":5.453388690948486,"orthographic":false}